{
    "epoch": {
        "0": [
            {
                "time_elapsed_since_epoch_start": 0.04976701736450195,
                "time_elapsed_since_train_start": 0.326556921005249
            }
        ]
    },
    "execution_details": {
        "early_stop": false,
        "keyboard_interrupt": false,
        "num_epochs": 0,
        "time_stamp": "2020-05-31_08-33-43-369598",
        "train_duration": 0.3680095672607422,
        "train_end": 1590914023.943146,
        "train_start": 1590914023.5751364
    },
    "model_options": {
        "character_embedding_dimension": 25,
        "character_lstm_hidden_state_dimension": 25,
        "check_for_digits_replaced_with_zeros": 1,
        "check_for_lowercase": 1,
        "dataset_text_folder": "/content/drive/My Drive/NeuroNER-master/neuroner/data/du_doan",
        "debug": 0,
        "dropout_rate": 0.5,
        "experiment_name": "test",
        "fetch_data": "",
        "fetch_trained_model": "",
        "freeze_token_embeddings": 0,
        "gradient_clipping_value": 5.0,
        "learning_rate": 0.05,
        "load_all_pretrained_token_embeddings": 0,
        "load_only_pretrained_token_embeddings": 0,
        "main_evaluation_mode": "conll",
        "maximum_number_of_epochs": 120,
        "number_of_cpu_threads": 8,
        "number_of_gpus": 0,
        "optimizer": "sgd",
        "output_folder": "/content/drive/My Drive/NeuroNER-master/output",
        "output_scores": 0,
        "parameters_filepath": "/content/drive/My Drive/NeuroNER-master/neuroner/trained_models/event/parameters.ini",
        "patience": 10,
        "plot_format": "pdf",
        "pretrained_model_folder": "/content/drive/My Drive/NeuroNER-master/neuroner/trained_models/event",
        "reload_character_embeddings": 1,
        "reload_character_lstm": 1,
        "reload_crf": 1,
        "reload_feedforward": 1,
        "reload_token_embeddings": 1,
        "reload_token_lstm": 1,
        "remap_unknown_tokens_to_unk": 1,
        "spacylanguage": "vi_spacy_model",
        "tagging_format": "bioes",
        "token_embedding_dimension": 300,
        "token_lstm_hidden_state_dimension": 300,
        "token_pretrained_embedding_filepath": "/content/drive/My Drive/NeuroNER-master/data/word_vectors/glove.6B.100d.txt",
        "tokenizer": "spacy",
        "train_model": 0,
        "use_character_lstm": 1,
        "use_crf": 1,
        "use_pretrained_model": 1,
        "verbose": 0
    }
}